EAN,stan
5901811121876,0
5901811122187,0
5901811126673,0
5901811126857,0
5901811142987,0
5713795030453,0
5901691959033,0
5901691959132,0
5901691958937,0
5901691958913,0
5901691957398,0
5901691957404,0
5901691957381,0
5901691957770,0
5901691959538,0
5901691959545,0
5901691959552,0
5901691959569,0
5901691959583,0
5907644000371,0
5907644005062,0
5907644005727,0
5907644013609,0
5907644015115,0
5902605479470,0
5904165684677,0
5904165685476,0
5904165688507,0
5904165689979,0
5904165689986,0
5904165684516,0
5904165686084,0
5904165688590,0
5904165687999,0
5904165682406,0
5904165684585,0
5902605477704,0
5904165684707,0
5905375821432,0
5905375827649,0
5905375836573,0
666594203243,0
5901811122910,0
5901811131721,0
5901811163555,0
5901811164194,0
5901811168468,0
5901811168482,0
5901811169199,0
5903771700290,0
810037801620,0
8710103982470,0
8710103938750,0
8720689037341,0
5904209892433,0
5904209893249,0
5904209893287,0
5904209893652,0
5904209893676,0
5904209893690,0
5904209893775,0
5904209893966,0
5904209894000,0
5904209894017,0
5904209894024,0
5904209894093,0
5904209894253,0
5904209894352,0
5904209894420,0
5904209894703,0
5904209894710,0
5904209894727,0
5904209894734,0
5901435412060,0
5901435413197,0
5901435414880,0
5901435410264,0
5901435410271,0
5901435410288,0
5901435413111,0
5901435414194,0
5901435416280,0
5901435415412,0
5901435415429,0
5901435415436,0
5901435414569,0
5901435415856,0
5901435416006,0
5901435416051,0
5901435416419,0
5901435408551,0
5901435416372,0
5901435414484,0
5901435402061,0
5901435411742,0
5901435415290,0
5901435415238,0
5901435412152,0
5901435414255,0
5901435414330,0
5905317670074,0
5905317670142,0
5901435407158,0
5901435413531,0
5901435412343,0
5901435413456,0
5904044995603,0
5904044995894,0
5904484178659,0
5904484178840,0
5904484178857,0
5904484178864,0
5904830708158,0
5904830708189,0
5904830708196,0
5904830708202,0
5904830708721,0
5904830708738,0
5905274850328,0
5905274851127,0
5905274851134,0
5905274851790,0
5905274851851,0
5905274852131,0
5905274852346,0
5905274852476,0
5905274852353,0
5905274852445,0
5902216920330,0
5907704014065,0
5902216920699,0
5902216916814,0
5902216917019,0
6925783803614,0
6925783803645,0
6925783804284,0
6925783805564,0
6925783805663,0
6925783811336,0
6925783819844,0
6925783819851,0
6925783819899,0
6925783819936,0
6925783819998,0
6925783820031,0
6925783823865,0
6925783824015,0
6925783824053,0
6925783824077,0
6925783824084,0
6925783824091,0
6529783826224,0
5900017355009,0
5900017361000,0
5900017060088,0
5900017040325,0
5900017056555,0
5900017056586,0
5900017064840,0
5900017064390,0
5900516421137,0
5713795010257,0
5713795010172,0
5713795010233,0
5713795010479,0
5713795010462,0
5713795201884,0
5713795236978,0
5713795195404,0
5713795195374,0
5713795105182,0
5713795105700,0
5713795105885,0
5713795194629,0
5713795195534,0
5713795203772,0
5713795230785,0
5713795240104,0
5713795240029,0
5713795240302,0
5713795240265,0
5713795240340,0
5713795240180,0
5713795240067,0
5713795240142,0
5713795240388,0
5713795240463,0
5713795222438,0
5713795216765,0
5713795020225,0
5713795020591,0
5713795020560,0
5713795020706,0
5713795237043,0
5713795229062,0
5713795229000,0
5713795240111,0
5713795240036,0
5713795240357,0
5713795240159,0
5713795240395,0
5713795228959,0
5713795229093,0
5713795229055,0
5713795197804,0
5713795197835,0
5713795204359,0
5713795241651,0
5713795241668,0
5713795241903,0
5903407108735,0
5901691854581,0
5901691854598,0
5901691854574,0
5901691854611,0
5901691863972,0
5901691864467,0
5901691813854,0
5901691813830,0
5901691813847,0
5901691813861,0
5901691813878,0
5901691813885,0
5901691813892,0
5901691813960,0
5901691813977,0
5903407902531,0
5903407902548,0
5901691833081,0
5901691813373,0
5901691812666,0
5901691854703,0
5903407560137,0
5901691812222,0
5903407561363,0
5903407904801,0
5903407904795,0
5901691852839,0
5901691852815,0
5903407680613,0
5901691824898,0
5903407680736,0
5903407680750,0
5903407680767,0
5903407751009,0
5903407770536,0
5901691854154,0
5903407785028,0
5901691870123,0
5901691852587,0
5901691816695,0
5901691816671,0
5901691897731,0
5907672336121,0
5907672341644,0
5907672341545,0
5907672342771,0
5907672342672,0
5907672333823,0
5907672342443,0
5907672342467,0
5907672342405,0
5907672345567,0
5907672338699,0
5907672330730,0
5907672335599,0
8058664129645,0
8058664070008,0
8058664070022,0
8058664070053,0
8058664022618,0
8058664121526,0
8058664070114,0
8058664050826,0
8058664060351,0
8058664105519,0
8058664119370,0
8058664149254,0
8058664153268,0
8058664151493,0
8058664165889,0
8058664165902,0
8058664178308,0
8058664177035,0
8058664177776,0
8058664177844,0
8058664086627,0
8058664086658,0
8058664122028,0
8058664153671,0
5713795237036,0
5713795020652,0
5713795020577,0
5713795236961,0
5713795240470,0
5713795229017,0
5713795228997,0
5713795229031,0
5713795241828,0
5908214735600,0
5902983491309,0
5902983491736,0
5902983491729,0
5902983491927,0
9788366762367,0
9788366762695,0
9788366762756,0
5902983492306,0
5902983492412,0
5902983492535,0
686141221148,0
72239304907,0
72239303962,0
72239313060,0
72239303955,0
72239317501,0
5902622004891,0
5902622004815,0
5902622000237,0
5902622000244,0
5902622000251,0
5902622001241,0
5902622003702,0
59056923000375,0
5905692300382,0
5905692300399,0
5905692300030,0
5905692300344,0
5905692308029,0
5905692308043,0
5905692308050,0
672552424902,0
672552425008,0
672552433706,0
672552434406,0
672552435502,0
672552435908,0
672552443309,0
67255444979,0
672552445778,0
672552445877,0
672552451878,0
672552452776,0
672552452875,0
4897126750379,0
4897126750393,0
5904316150457,0
5904316150471,0
5904316150495,0
4897126750508,0
5904316150518,0
5904316150525,0
4897126750911,0
4897126750959,0
4712417962371,0
8436538670767,0
8436538676004,0
5905692300139,0
4897126753424,0
4712417962401,0
5908288982672,0
5908288982702,0
5908288982726,0
5050841731316,0
5908214738267,0
5906724205866,0
5906724205873,0
5906724203572,0
5906724203572,0
5906724205378,0
5906724205385,0
5906724205392,0
5906724205408,0
5905683801058,0
5906724206931,0
5906724205590,0
5906724206825,0
5906724206825,0
5905683800310,0
5905683800334,0
5906724204814,0
5906724206528,0
5906724206528,0
5906724206535,0
5906724206535,0
5906724206320,0
5906724206337,0
5906724206344,0
5905683800426,0
5906724206351,0
5906724206368,0
5901750297823,0
5905683800686,0
5906724206573,0
5906724206573,0
5906724206603,0
5906724206603,0
5906724206665,0
5906724206665,0
5905683800228,0
5905683800549,0
5905683800587,0
5905683800563,0
5905683800570,0
5906724206511,0
5906724206511,0
5906724206481,0
5906724206481,0
5906724206498,0
5906724206498,0
5906724206504,0
5906724206504,0
5905683800181,0
5904356713339,0
5904356732477,0
5904356732484,0
5904356735638,0
5904356788207,0
5904356788214,0
5904356788221,0
5904356788238,0
5904356788245,0
5904356793201,0
5904356793218,0
5904356795632,0
5904356836298,0
5904356836304,0
5904356836311,0
5904356836328,0
5904356836335,0
5904356854995,0
5904356889065,0
5904356889072,0
5904356890528,0
5904356904447,0
5904356904461,0
5905359933786,0
5905359944928,0
5904356773807,0
5902686308409,0
5902686302346,0
5902686302360,0
5902686305965,0
5902686302407,0
5902686302421,0
5902686302414,0
5902686302438,0
5905436716028,0
755907190162,0
5060624773808,0
5060624773815,0
5902696000126,0
5904754607124,0
9001616831836,0
9001616831843,0
6927163053084,0
5903317816942,0
5903317816683,0
5906630333370,0
5904405021132,0
6925783804529,0
6925783804536,0
6925783804567,0
6925783804598,0
6925783804604,0
6925783805465,0
6925783805595,0
6925783805885,0
6925783805908,0
5999880412018,0
4052396031294,0
4052396080957,0
4052396045277,0
4052396059090,0
5907803143000,0
5902021282166,0
5902021287239,0
5060070052243,0
5902533922536,0
5902533922963,0
5902533923915,0
5902533926466,0
5902533914456,0
5902533921713,0
5903771700283,0
5903771700306,0
5903771700641,0
5901691801219,0
5903407196022,0
5903407196107,0
5903407228631,0
5901691835139,0
5901691853782,0
5901691888371,0
5901691876972,0
5901691873575,0
5903407510217,0
5906749154248,0
5903067013264,0
5903067010942,0
5903067013462,0
5903067017224,0
5903067008543,0
5903067004477,0
9001616831188,0
9001616831195,0
9001616831201,0
9001616831218,0
9001616831225,0
9001616831232,0
9001616831249,0
9001616831256,0
9001616831270,0
9001616831287,0
9001616831294,0
9001616831348,0
9001616831362,0
9001616831386,0
9001616831393,0
9001616831423,0
9001616831430,0
9001616831447,0
9001616831492,0
9001616831508,0
9001616831515,0
9001616831553,0
9001616831560,0
9001616831577,0
9001616831584,0
9001616831591,0
9001616831607,0
9001616831652,0
9001616831669,0
9001616831676,0
9001616831690,0
9001616831713,0
9001616831720,0
9001616831737,0
9001616831850,0
8001916838710,0
9001616831928,0
9001616831935,0
9001616831942,0
9001616831973,0
5908268747086,0
5903033901472,0
5903033902806,0
5060295844180,0
5060295844197,0
8413082892593,0
590655561057,0
5906555614110,0
5902675061384,0
5902675062312,0
5902675060929,0
5902675060936,0
5902675067157,0
5902675067034,0
5902675083812,0
5902675071017,0
5902675071024,0
5902675034432,0
5902675046329,0
5902675043663,0
5902675067027,0
5902675079372,0
5902675040549,0
5902675069533,0
5902675055864,0
5902675055918,0
5902675055925,0
5902675055949,0
5902675055956,0
5902675062176,0
5902675020398,0
5902675066990,0
5902675066396,0
5902675073899,0
5902675019736,0
5902675033367,0
7612367003186,0
5901761124958,0
5901761125603,0
7290116961552,0
5901761127270,0
5901761129656,0
5901761121452,0
5901761122145,0
5901761122794,0
5901761122756,0
5901761122763,0
5901761122770,0
5901761125283,0
5901761122787,0
5901761122817,0
5901761129649,0
5901761125887,0
5901761128697,0
8001011282210,0
5900017090283,0
5900017090634,0
5900017090542,0
5905204315705,0
5905204315712,0
5905204345085,0
5905204310076,0
5905204342596,0
5905204342640,0
5905204302590,0
5905204302651,0
5905204302361,0
5905204302378,0
5905204302385,0
5905204302514,0
5905204321959,0
5905204321966,0
5905204322123,0
5905204366301,0
5905204366318,0
5905204322383,0
5905204322437,0
5905204322505,0
5905204322574,0
5905204364079,0
5905204364093,0
5905204341872,0
5905204345924,0
5905204345931,0
5905204364215,0
5905204364246,0
5905204364284,0
5905204364291,0
5905204364338,0
5905204364345,0
5905204364352,0
5905204364321,0
5905204300299,0
5905204300268,0
5905204365038,0
5905204365137,0
5905204365151,0
5905204365212,0
5905204365229,0
5905204365236,0
5905204365366,0
5905204318331,0
5905204318515,0
5905204313008,0
5905204307793,0
4008600419556,0
4008600419549,0
4008600418306,0
4008600388227,0
4008600418290,0
4008600378778,0
4008600382782,0
4008600090205,0
4008600287735,0
4008600314776,0
4008600399032,0
4008600429708,0
4008600399001,0
4008600411512,0
4008600314738,0
4008600382270,0
4008600398974,0
4008600211266,0
4008600382829,0
4008600382942,0
4008600387329,0
4008600387312,0
4008600122968,0
4008600372837,0
846887031160,0
846887031221,0
5903753003333,0
5905436716080,0
850028177457,0
5903999415136,0
5907617910997,0
5907617935235,0
4895038507852,0
4895038501171,0
4895038507418,0
4895038507463,0
4895038507821,0
4895038507869,0
4895038543720,0
5905375827090,0
4895038553323,0
4895038553392,0
4895038525078,0
4895038531437,0
4895038549111,0
4895038549128,0
4895038549135,0
4895038549166,0
4895038545403,0
4895038545441,0
5905375818524,0
5905375829650,0
5905375820381,0
5905375820442,0
5905375840204,0
5905375840211,0
5905375840457,0
5905375836252,0
5905375838225,0
5905375838218,0
4895167985767,0
4895167988607,0
4895167989055,0
6944167102747,0
6944167100491,0
6944167100446,0
4895167903730,0
5905375819903,0
5905375811198,0
590537582131,0
5905375829384,0
5905375831110,0
5905375831394,0
5905375834883,0
5905375834890,0
5905375835057,0
5905375835125,0
5905375835774,0
5905375836467,0
5905375836528,0
5905375836535,0
5905375836610,0
5905375836665,0
5905375836689,0
5905375836733,0
5905375836962,0
5905375836979,0
5905375837754,0
5905375837761,0
5905375837778,0
5905375837785,0
5905375838287,0
5905375838300,0
5905375838317,0
5905375838768,0
5905375838928,0
5905375838942,0
5905375838959,0
5905375839000,0
5905375839888,0
5905375839949,0
5905375839956,0
5905375839987,0
5905375839994,0
5905375840006,0
5905375840020,0
5905375840037,0
5905375840129,0
5905375840846,0
5908288982962,0
5905375835910,0
5905375835934,0
5905375835965,0
5905375835989,0
5905375836023,0
5905375836061,0
5905375836078,0
5905375836108,0
5905375836122,0
5905375836924,0
5905375836948,0
5905375837976,0
5905375837990,0
5905375838003,0
5905375838058,0
5905375838096,0
5905375839291,0
5905375849467,0
5905375849474,0
5905375849481,0
5905375849498,0
5905375849818,0
5905375849825,0
5905375849832,0
5905375849856,0
5902963071729,0
5902963004673,0
5902963004741,0
5902963004833,0
5902963009159,0
5902963009173,0
5902963009210,0
5902963010391,0
5902963015853,0
5902963011022,0
3023191953433,0
5906453408200,0
5900511017557,0
5900511019063,0
5900511019421,0
5900511019445,0
5900511019483,0
5900511019520,0
5900511019537,0
5900511019544,0
5900511021134,0
5900511021141,0
5900511021158,0
5900511021165,0
5900511021196,0
5900511022537,0
5900511025163,0
5900511025781,0
5900511028041,0
5900511132656,0
5900511142983,0
5900511143546,0
5900511143621,0
5900511148305,0
5900511154078,0
5900511154177,0
5900511154191,0
5900511154214,0
5900511154221,0
5900511164121,0
5900511164411,0
5900511164657,0
5900511173277,0
5900511173857,0
5900511202038,0
5900511230062,0
5900511230093,0
5900511346077,0
5900511346251,0
5900511346480,0
5900511346503,0
5900511360882,0
5900511410051,0
5900511410099,0
5900511430011,0
5900511430035,0
5900511440041,0
5900511613384,0
5900511616293,0
5900511616378,0
5900511616392,0
5900511616934,0
5900511616972,0
5900511617627,0
5900511617641,0
5900511617863,0
5900511617887,0
5010415333612,0
5904316150433,0
5905094770028,0
5905094774187,0
9001616831829,0
5902533919697,0
6971608440175,0
6971608440274,0
6971608440649,0
6971608440809,0
6971608440830,0
6971608440861,0
6971608440939,0
6971608442582,0
6971608445477,0
6971608445590,0
6971608445729,0
6971608446580,0
6971608446764,0
6971608447112,0
6934510501761,0
6934510501785,0
6934510505318,0
6934510506919,0
5900511604818,0
5900511605570,0
5900511605594,0
5900511608052,0
5900511608069,0
5900511609936,0
5900511609943,0
5900511612394,0
5900511614329,0
5900511614572,0
5900511614596,0
5900511614886,0
5900511615876,0
5900511619072,0
5900694425002,0
5902745545417,0
5902745548265,0
5902745545424,0
5902745548258,0
5902745554402,0
5902745552897,0
5902745552941,0
5902745514970,0
5902745540818,0
5902745515069,0
5902745515014,0
5902745543116,0
5902745543109,0
5902745552972,0
5902745552903,0
5902745552965,0
5902745553351,0
5902745540764,0
5902745540771,0
5902745543130,0
5902745501185,0
5902745501079,0
5902745501161,0
5902745530178,0
5902745547404,0
5902745510347,0
5902745510484,0
5902745540290,0
5902745510460,0
5902745510477,0
5902745551203,0
5902745544045,0
5902745544038,0
5902745544069,0
5902745542096,0
5902745542089,0
5902745542072,0
5902745542102,0
5902745604206,0
5902745604183,0
5902745604374,0
5902745604336,0
5902745604343,0
5902745604619,0
5902745604282,0
5902745604329,0
5902745604367,0
5902745604350,0
5902745604015,0
5904326940215,0
5904326943087,0
5904326943117,0
5904326944183,0
5904326944275,0
5904326944299,0
5904326944312,0
5904326944442,0
5904326945227,0
5904326947061,0
5904326947252,0
5904326947375,0
5904326947498,0
5904326947504,0
5904326947641,0
5904326947788,0
5904326947801,0
5904326948341,0
5904326948785,0
5904326948914,0
5904326949188,0
5904326949409,0
5904326949485,0
5904326949553,0
5906280650254,0
5906280650360,0
5906280651169,0
5906280652203,0
5906280652289,0
5906280652296,0
5906280653675,0
5906280654214,0
5904326947818,0

