barcode,total_quantity
5712854177474,571
5707167944011,530
5707167231326,68
5707167231456,70
5707167231562,34
5707167231494,65
5707167231661,120
5707167231609,24
5707167231630,91
5707167231975,60
5200384515922,1
5712854149303,17
5712854149815,1
5200384515939,2
5712854226721,355
5712854226783,20
5712854315371,122
5712854315432,88
5712854315418,54
5712854315395,240
5707167200162,118
5060272131302,15
5710409102414,42
5707167200018,63
5707167557273,2
5707167200070,125
5710409102582,37
5707167200100,72
5060272132309,21
5060272132248,33
5710409103022,115
5710409103053,105
5060272132125,39
8412906201368,2
5710409103077,149
5707167005057,57
5710409103084,151
5707167005095,222
5710409103343,91
8412906201337,1
5060272131487,26
5710409103374,36
5060272131364,117
5710409103541,355
5060272131661,22
5710409102421,162
5060272130947,38
5710409102445,226
5710409102438,168
5710409102452,93
5710409102469,12
5060272131333,21
5060272130169,2
5060272131272,9
5710409101585,109
5710409100465,23
5710409101639,7
5710409101967,299
5710409100038,36
5710409100045,10
5710409100052,50
5710409102698,15
5710409102704,2
5710409100069,6
5710409200011,120
5710409100595,9
5710409100441,9
5710409200202,10
5710409100601,6
5710409200370,9
5710409100618,1
5710409200165,3
8412906998039,26
8412906998053,14
8412906990026,6
8412906990019,9
8412906960180,49
8412906960074,65
8412906960210,43
8412906960081,19
8412906960203,17
8412906960104,19
8412906231495,4
8412906996752,18
8412906996745,59
8412906996714,27
8412906996707,22
8412906996738,40
8412906996721,18
5200384516332,96
5200384510200,11
5200384506944,92
5200384507965,2
5200384507958,5
4041077000780,76
4041077000827,155
4041077001930,48
4041077008274,15
4041077006331,103
4041077006348,21
4041077006355,69
4041077002708,28
4041077006812,50
4041077004450,8
2780015670426,194
2780015670013,10
2780015670174,47
2780015670136,234
2780015670051,226
2780015670211,454
2780015671201,96
2780015670259,336
5060639145317,420
5060639142484,123
5060639145355,380
4260350560517,42
5060639143214,320
4260350560531,31
4260350560654,21
4260350560975,31
4260350560982,32
4260350561095,21
8719831530786,29
5060639145843,6
5060639145836,34
4260243451465,539
4260243451441,264
4260243451458,150
4011768706123,15
4019359821477,16
4260243451533,5
3760039940735,13
3760039940742,36
3760039940490,4
3760039941022,90
5710409103695,13
5710409200776,76
5710409200790,45
5710409200783,6
9786099526522,51
4019359842045,118
4019359835290,65
4019359834125,28
4019359816701,19
4019359890442,5
4019359841680,57
4019359865518,1
4019359841635,14
4019359841604,59
4019359841543,30
4019359840683,34
4019359132054,10
4019359841994,1
4019359821972,43
4019359821347,66
4019359890633,1
4019359890824,15
4019359860421,340
4019359841895,11
4019359865860,34
4019359840706,54
4019359827639,134
4019359890725,8
4019359890732,10
4019359132030,21
4019359880474,1
4019359880603,63
4019359880795,42
4019359881150,80
4019359840294,29
4019359840812,6
4019359880153,14
4019359820715,4
4019359820777,7
4019359881020,29
4019359828100,2
9786099526508,286
9786099526546,41
4019359865549,40
4019359837256,7
4011768631050,1
4019359810327,33
4019359827257,2
4019359828162,1
4019359828179,5
4019359828186,3
4019359842038,17
4019359865617,7
4019359880016,18
4019359881181,29
4779030060112,892
4019359330276,4
4779030060167,979
4779030060150,299
4779030060181,137
4019359841949,8
4019359841864,16
4779030060204,527
4779030060242,1
4779030060136,451
4779030060143,198
4779030060358,696
4779030060341,149
4779030060419,2
4779030060303,133
4019359833906,18
4019359330252,7
4019359890312,14
4019359890350,12
4019359890343,21
4019359890855,25
4019359828094,13
4019359821460,29
4019359137967,3
4019359829121,1
8427614001902,9
5710409200714,60
5710409200721,82
5712854125215,498
5710409103435,29
4019359822320,421
4260243451847,38
5710409104210,45
5710409104203,10
5710409103855,1
5710409104395,12
5710409104487,78
5710409103688,139
5710409104722,79
5710409103664,5
5710409103671,9
5710409103619,30
5710409103633,60
5710409103626,165
5710409104753,68
5710409104227,50
5710409104234,13
5710409104241,55
5710409104760,61
5710409104333,76
5710409104364,4
5710409200806,17
5710409200813,33
5060639142415,7
5060639142385,2
5060639142354,6
4019359821354,24
4019359840881,11
4011768724394,12
8435418802205,54
8435418802755,24
4041077200036,4
4041077200210,11
4041077200234,2
4041077002579,11
817742022197,16
188561000186,24
817742024122,12
817742024146,17
817742024214,81
817742023958,24
817742023965,8
817742026669,15
5055166355186,6
5055166357326,46
5055166349970,28
5055166357319,56
5055166355117,28
5055166355131,4
5055166355148,78
5055166355377,4
5055166353113,17
5055166352178,81
5055166353175,33
5055166352154,6
8427614602949,11
8427614602956,13
8427614602970,8
8427614602987,1
4260243451854,66
4019359871373,730
4019359871380,310
4019359871397,303
4019359871403,128
5710409200912,8
4260243451410,37
4260243451427,11
5710409105194,2
5710409105484,17
5710409200929,16
5710409200905,56
5710409105248,3
5710409105255,62
5710409105279,23
4820148900293,69
4820148900255,48
4820148900118,6
4820148900040,30
4820148900323,34
4820148900330,60
4820148900347,2
4820148900354,3
4820148900361,2
5712854401814,144
5712854401777,319
5712854401791,389
5712854401753,47
5712854401838,156
5712854401715,22
5060639145850,31
5055166355216,34
5060272131913,39
5060272132750,18
5060272132903,116
5060272132965,115
5060272133191,5
5060272133160,18
5712854375320,313
8427614060619,1
8427614060602,2
817742021558,7
817742024849,4
188561000100,3
8427614060145,8
8427614603144,1
4019359840539,5
8412906970332,1
8412906970370,3
4260243451861,42
5710409200387,5
5710409200943,4
5710409200950,4
5710409200974,9
5710409200981,12
5710409102766,6
5710409201087,3
5710409105613,7
5710409105620,7
5710409105941,31
5055166356473,4
5055166355124,23
5055166355940,31
5055166349499,8
5055166355001,16
5055166348454,55
5055166356022,69
5055166355544,20
5055166356008,20
5055166356886,1
5055166356817,3
4260243450567,21
4260243450536,3
4260243450130,1
4260243450161,2
4260243451595,6
4041077010802,14
4041077010680,40
4041077010659,29
4041077010109,160
4041077010741,24
4041077010710,17
4041077010772,7
4041077002715,75
4041077004467,12
4041077009974,1
4041077009981,2
4041077009998,1
4041077006065,8
8427614606527,3
8427614001919,3
6938242957032,472
6938242954024,86
6938242952938,31
5060204030208,30
5060204030383,194
5060204030369,12
5055166356893,3
5055166348478,31
5425020500029,2
5425020500234,1
5425020500036,2
5425020500043,2
5425020500050,3
5425020500265,2
5425020500272,1
5425020500685,1
5425020500692,1
5425020500074,6
5425020500166,2
5425020500173,16
5425020500302,1
5425020500180,1
5425020500111,5
5425020500203,1
5425020500210,1
5425020500340,2
5425020500357,7
5425020500142,2
5425020500159,2
5425020500500,6
5425020500524,7
5060272133443,26
5060272133511,35
5425020500364,4
5425020500401,2
5425020500418,2
5425020500388,5
5425020500449,9
5425020500456,5
5425020500463,6
5425020500470,1
5425020500487,2
5425020500395,2
5060639144259,46
5060639144723,17
5055166351980,16
4019359860377,10
4019359860407,1
4260243451908,17
5060639145263,22
5060639144747,3
5060639144754,2
5060639144761,19
5060639144785,7
5060639144792,1
5060639144808,1
4019359881204,144
4019359882645,6
4019359836556,41
4019359827394,4
4019359827967,5
5710409201209,270
5710409201223,2
5055166357159,5
5055166357180,6
5055166357173,34
5055166357166,26
5055166357265,4
5055166357289,33
5055166357272,55
5055166357371,21
5055166357296,15
5055166357302,29
4019359882638,38
4019359882652,21
9790902171908,6
9790706173009,6
9790706173016,12
4260243450154,4
4260243182338,18
4260243451717,44
4260243451724,50
4260243451496,28
4260243451472,36
4260243451489,116
4260243451915,18
5707167945230,338
5425020500593,16
5425020500609,41
5055166356947,5
5055166356114,1
5055166356107,14
5055166356091,3
5055166356930,24
5055166356510,10
5055166357524,46
5055166356701,19
5055166355476,21
5055166355506,9
5055166356572,8
5055166356619,30
5055166350105,9
5055166350112,6
5055166356589,9
5055166353250,5
5055166350051,3
5055166353304,4
5055166352376,2
5055166357579,7
5055166356916,5
5055166356664,2
5055166356671,8
5055166356657,4
5055166356688,4
5055166355407,8
5055166357050,3
5055166357067,2
5055166357043,8
5055166357074,10
5060272132873,20
5060272133313,30
4260350563099,55
4260350563105,27
4260350564577,17
4260350564584,27
5055166357340,65
5055166351812,22
5055166356879,23
5055166355971,33
5055166357722,29
5055166357708,5
5055166357845,13
5055166357852,32
5055166357838,17
5055166357630,44
5055166357647,11
5055166357654,35
5055166357746,14
4820148900446,95
4820148900163,144
4820148900071,9
4820148900149,15
4820148900460,7
4820148900132,15
3512610310006,8
3512610210009,5
3512610410003,6
5200384502854,33
5200384501482,25
5200384501543,23
5200384501512,12
5200384501550,9
5200384502830,2
3512610454427,92
3512610454458,51
3512610003618,19
3512610440000,3
3512610444008,9
3512610000051,4
3512610314417,39
3512610001546,12
3512610434443,20
3512610125006,13
3512610331209,14
3512610045304,10
3512610014409,3
3512610053149,28
3512610353119,26
3512610353126,11
3760077550019,1
3512610351405,1
3512610361206,1
3512610100003,1
3512610351108,2
3512610000129,1
3512610353201,4
3512610000426,2
3512610000532,2
3512610133018,1
5060204032943,8
5060204031557,14
5060204032707,1
5060204032721,10
5060204032745,3
5060204031809,11
5060204031823,16
5060204031847,8
817742022012,113
5710409106894,18
5710409106917,2
5710409106924,13
5710409106931,8
5710409106948,22
5710409106870,37
5710409106863,50
5060639145485,4
5060639145522,14
5060639145621,29
4779030060402,48
4779030060396,35
5060639142293,22
5200384502182,41
5200384502168,37
5060204032103,12
5060204032127,12
5060204032141,8
4041077001077,1
8427614121150,17
8427614121143,73
8427614060695,21
8427614063627,14
8427614060503,7
8427614406226,14
8427614406233,5
8427614406240,2
5710409107310,18
5710409107327,104
5710409107334,45
5710409107341,25
5710409105477,31
5710409106825,30
5710409106832,73
5710409105590,303
5710409105231,222
5710409105224,78
5710409106795,19
5710409106801,5
5710409106757,65
5710409106764,11
5710409106771,19
5710409107129,4
5710409106887,22
5710409107136,16
5200384501062,50
5200384501079,13
5200384501086,6
5200384501147,11
5200384501284,8
5200384501130,8
5200384501154,38
5200384501161,55
5200384501178,36
5200384501185,14
5200384501192,12
5200384501215,11
5200384501246,7
5200384501253,11
5200384501260,18
5200384501116,1
5200384501277,17
5200384501208,48
5200384501239,10
5200384501123,11
5200384501109,45
5200384501390,22
5200384501369,16
5200384501376,5
4019359860964,462
4019359828148,3
4260243450444,34
4260243262061,15
4779030060228,25
5710409102858,230
5710409107587,37
5710409107600,1
5710409107563,374
5710409107556,47
5710409107549,31
5710409107532,432
5710409107617,6
5710409107624,19
5710409107235,10
4260243450147,2
4260243450086,3
5712854027731,147
5055166356725,11
4260243450208,60
5710409105415,78
4019359860230,12
4779030060365,74
5055166356596,7
5710409104739,95
650726210117,53
650726210780,124
650726210353,42
753068880694,15
753068880717,2
617762138959,4
650726210063,1
753068880380,32
753068880397,11
753068880311,71
753068880342,44
753068880359,38
3550839921740,35
3550839927810,11
3550839934528,38
3550833100141,3
3550833200056,1
3550833200124,1
3550833200155,1
3550833200186,4
3550833300084,9
3550833300121,20
3550833300213,3
3550833300220,1
3550833300381,8
3550833300657,15
3550833301111,9
3550833301135,27
3550833301227,47
3550833400098,4
3550833400579,18
3550833400586,37
3550833400593,6
3550833400616,26
3550833400715,21
3550833900352,7
3550833900376,19
3550833901052,3
3550833300787,13
3550833901045,6
3550833901014,3
3550833300893,7
3550833300749,41
3550833300763,2
3550833300886,9
3550833300879,23
3550833300916,14
3550833300992,27
5060639146383,11
5060639146369,27
3550833300435,31
3550833300930,59
3550833300954,79
3550833400647,4
3550833400609,22
3550833300923,18
3550833300688,19
5710409106726,33
5710409106733,62
5710409106740,78
5710409107280,68
5055166358750,1
5710409107419,37
3760039940315,46
5060639146017,17
5060639146000,119
5060639145997,33
5060639145980,20
5200384503813,77
5200384503912,4
4820148900385,43
4820148900422,34
4820148900477,10
4820148900439,118
4779030060105,141
4779030060426,44
4779030060433,156
4779030060440,182
4779030060457,249
4779030060464,183
4779030060471,262
4779030060488,285
4779030060495,131
4779030060501,223
4779030060518,51
4779030060525,193
4779030060532,203
4779030060556,124
4779030060563,160
4779030060570,131
4779030060587,20
4779030060594,55
4779030060600,183
4779030060624,220
4779030060631,187
5055166359702,12
5055166359733,7
5055166358583,16
5055166358569,6
5055166357685,23
5055166357241,19
5055166359627,19
5055166359603,19
5055166359610,14
5055166359559,16
5055166359542,32
4779030060648,247
5710409108126,307
5710409108133,43
5710409108140,53
5710409108157,8
5710409108607,34
5710409108614,64
3550833300961,26
YO-328,5
5710409107525,15
5710409107518,283
5200384504100,60
5200384504117,85
5710409201391,17
3550833400180,4
5060204033315,6
5060204033353,2
5060204030598,5
5060204030611,5
5060204030567,11
5060204032967,6
5060204033278,4
5060204030727,7
5060204032950,1
3512610454366,35
3512610454342,29
3512610045434,28
3512610045441,34
3512610045465,29
3512610454335,19
3512610454434,3
3512610454632,19
3512610003144,2
5710409201803,105
5710409201797,204
5710409201810,78
5710409108850,8
5060639146604,40
5060639146659,12
5060639146611,9
5060639146635,34
5060639146598,45
5060639146628,30
5060639146024,80
5060639146086,122
5060639146147,41
5055166359887,13
5055166358941,19
5055166359825,32
5055166359801,11
5055166360364,64
5055166360371,16
5055166358637,99
5055166358910,48
5055166358309,9
5055166358286,15
5055166358439,50
5055166358460,52
5055166358453,96
5055166358477,29
3550833300848,14
3550833300909,9
3550833301029,16
3550833301142,10
3550833301159,9
3550833301210,24
3550833301364,10
3550833305003,13
3550833400654,12
3550833400777,8
3550833400791,24
3550833400814,7
3550833400821,9
3550833400838,24
3550833400852,10
3550833901106,7
5710409201858,1
5710409108836,24
5710409108843,29
5710409108799,18
5710409108805,35
5710409108713,409
5710409108867,102
5710409108874,92
5710409109000,86
8427614607982,5
8427614607999,2
8427614608347,4
8427614608361,6
8427614981051,1
8427614981440,1
8427614981723,2
8427614981693,2
8427614608187,26
8427614607807,17
8427614608323,6
8427614508128,6
8427614653699,1
8427614653743,1
8427614653170,3
8427614653477,20
8427614653484,1
8427614607876,11
8427614608200,5
8427614608255,2
8427614653446,2
2780015671003,174
2780015671454,304
5060639140916,514
2780015671492,26
5060639144365,341
5060639147700,68
2780015671539,147
5060639146680,4
5060639146673,32
5060639146703,3
5060639146727,20
3550833900420,6
5710409103466,3
5710409103459,284
5710409100779,2
5710409100755,2
5710409100786,1
5060272131395,116
5060272130763,3
5060272130589,116
5710409101998,1
5200384516028,167
8719831530083,1
4260350560111,3
4260350560166,1
857598005005,2
857598005012,6
4019359881105,1
4019359880481,33
4019359810365,1
4019359841482,2
4779030060273,778
4779030060129,537
5200384518084,1
5710409104258,158
5710409104982,2
5710409104876,2
817742023972,1
3760039940957,68
8427614602789,1
8427614980566,1
817742020384,1
5055166353281,82
6938242957070,59
5060272133412,117
4820148900316,4
5055166357197,98
5055166356497,1
5055166356527,10
4820148900194,37
3512610140009,8
3512610454359,92
8427614406059,1
6938242953089,81
6938242953102,16
6938242953362,145
3550833400623,20
8427614981181,2
5710409201421,10
5060639145973,1
4820148900507,45
5200384504124,107
4820148900606,90
5712854626620,72
5055166359795,27
3550833400784,14
3550833400807,21
3550833901120,6
8427614408534,23
8427614408565,2
8427614408701,2
8427614408718,20
8427614408725,13
191856071013,4
191856071020,29
191856071037,37
191856071051,207
191856071068,205
191856071075,40
191856071082,59
191856071112,69
191856071129,170
191856071136,93
191856071167,37
191856071174,137
191856071181,5
191856071198,8
191856071204,57
191856072010,44
191856072027,164
191856072041,58
191856072058,127
191856072065,160
191856073048,13
191856073055,213
191856073062,2
191856073086,7
191856073093,175
191856073123,175
191856074014,45
191856074021,56
191856074038,60
191856074045,57
191856074052,58
191856074069,8
191856074083,16
191856074113,256
191856074151,6
191856074175,156
191856075035,16
191856075059,9
191856075066,13
191856075110,166
191856075127,77
191856075134,281
191856075325,8
191856076315,49
191856076322,192
191856076513,195
191856077428,172
191856077435,134
191856079019,13
191856079026,5
191856079040,24
191856079132,95
191856079187,173
191856079194,43
191856079330,22
191856079354,6
191856079415,5
5060204030161,15
5200384504940,10
5200384504896,22
5200384504780,24
5200384504858,4
5200384504902,23
5200384504933,26
5200384504827,39
5200384504681,12
5200384504698,14
5200384504513,20
5200384504537,9
5200384504575,20
5200384504599,29
5200384504490,16
5200384504551,12
5200384504643,65
5200384504667,20
4820148900590,7
4820148900552,64
2780015670211,984
2780015670013,926
5710409109017,91
5710409109130,11
3550833900413,6
5055166360753,1
5055166360487,44
5055166360494,13
5055166360524,8
5055166360531,9
5055166360579,44
5055166360586,9
5055166360814,103
5055166360708,4
5055166360715,6
5055166360616,6
5200384503929,39
5200384504209,38
5200384504650,40
5060639147601,18
5060639147618,55
5060639147625,16
5060639147649,3
5060639147656,23
5060639147663,8
5060639147670,144
5710409109147,52
8699296254543,148
8699296254550,88
8699296254567,65
8699296255175,21
8699296255182,42
8699296255199,65
8699296255427,37
8699296250033,80
8699296259517,30
8699296259531,2
8699296259555,38
8699296259616,45
8699296253072,100
8699296253089,49
8699296253096,37
8699296253058,92
8699296256585,68
8699296256608,278
8699296256615,13
8699296257346,30
5710409109123,3
5710409109925,52
5710409109949,9
5710409108829,9
5710409109994,88
5710409110006,147
5710409110013,227
5710409110020,107
5710409110037,54
5710409110044,37
5710409110068,35
5710409202121,5
5710409202121,7
5710409202046,1
5710409202138,44
5710409108102,8
5710409109918,73
5710409109932,47
5055166361378,14
5055166361644,19
5055166361651,49
5055166361408,31
5055166361415,64
5055166360234,17
5055166360258,46
5055166359658,73
5055166359689,66
5055166361736,34
5055166359337,24
5055166361026,69
5055166361033,1
5055166358873,40
5055166360036,23
5055166360012,19
5055166360104,64
5055166360098,27
5055166360418,66
3550833300817,4
3550833300831,4
3550833301395,9
3550833301425,5
3550833301449,15
3550833301456,88
3550833301470,8
3550833400890,27
3550833501016,16
3550833900604,10
3550833900611,6
3550833900635,12
3550833301432,17
5060204034374,5
5060204034381,4
5060204034398,5
5060204034343,5
5060204034350,5
5060204034367,5
5060204034404,4
5060204034411,4
5060204034428,4
5710409110501,107
5710409110525,96
5710409110532,92
5710409111041,56
3550833200216,6
5425020500791,3
5425020500838,4
5425020500760,2
5425020500784,4
5425020500821,1
2780015670297,176
8906139541556,209
8906139540900,193
8906139540924,114
8906139541648,189
8906139546131,217
8906139540542,213
8906139540559,187
8906139540573,206
8906139546025,152
5060204034619,2
3550839922464,6
3550833301487,42
8699296259852,46
5710409110433,5
5710409202114,18
8699296258305,31
8699296258312,39
8699296259876,40
8699296259869,58
8699296259845,89
8699296257261,62
8699296257278,43
8699296257582,137
8699296257513,101
8699296257674,118
8699296257698,137
5060639148189,9
5060639148264,61
5060639148424,73
5060639148400,22
5060639148370,23
5060639148363,13
5060639148356,108
5060639148325,34
5060639148332,38
6938242952372,3
6938242955281,170
6938242955519,414
6938242955557,265
6938242955922,42
6938242956394,129
6938242956769,35
6938242957087,42
6938242957094,26
6938242957377,112
6938242957506,37
6938242957537,4
6938242957629,27
6938242958268,42
6938242958800,34
6938242958909,41
6938242958916,44
6938242958930,39
6938242959234,25
6938242959760,168
6938242959975,20
6938242960827,129
6938242960896,332
6938242960896,126
6938242960971,5
6938242960995,25
6938242962104,275
6938242962135,54
6938242962227,16
6938242962555,42
6938242962814,26
6938242963026,9
5710409110464,13
5055166361996,17
5055166362009,13
5055166362016,7
5055166362023,34
5055166361835,22
5055166362047,37
5055166362245,64
5055166362252,52
5055166362269,46
5055166362276,69
5055166362108,51
5055166362115,58
5710409108072,2
5710409105521,243
5710409110280,2
3550833200209,2
3550833301418,18
3550833400906,5
3550833500521,41
3550833500538,1
3550833500545,15
3550833900512,2
5712854625739,89
5712854586993,27
5712854625715,41
5712854625876,152
5712854777483,46
5208006030228,21
5208006030501,20
5208006050059,8
5208006050073,4
5208006111316,8
5208006111330,15
5208006111361,18
5208006125122,44
5208006125146,38
5208006125207,38
5208006125221,25
5208006130102,58
5208006130133,58
5208006130140,14
5208006130423,251
5208006125139,44
5208006130621,21
5208006140354,7
5208006140576,15
5208006230338,32
5208006230437,40
5208006230468,41
5208006230499,46
5208006230581,46
5208006230604,44
5208006231311,30
5208006231335,16
5208006231366,36
5208006231373,26
5208006231489,16
5208006231496,26
5208006231830,36
5208006231847,39
5208006231854,46
5208006233056,51
5208006360127,7
5208006120103,29
5208006120103,29
5208006120103,17
5208006120103,32
5208006120103,31
5208006120103,24
5055166359986,14
5055166359818,21
5055166361361,10
8427614408619,13
8427614409210,22
8427614409227,12
8427614508920,6
8427614508937,11
8427614508944,33
8427614508951,15
8427614608057,12
8427614608071,9
8427614608576,7
8427614608590,7
8427614608644,18
8427614608651,14
8427614608743,4
8427614608859,8
8427614609023,1
8427614653866,7
8427614653873,6
8427614981969,3
8427614006006,18
8427614006013,9
8427614006020,15
8427614006037,9
8427614063344,7
8427614063696,10
8427614063726,9
8427614215804,10
8427614215811,1
8427614215828,5
8427614215859,1
8427614215873,5
8427614215880,2
8427614215897,2
5200384506470,7
5200384506487,63
5200384505831,31
5200384505886,10
5200384506654,2
5200384505794,44
5200384505800,44
5200384508320,32
5200384508306,11
5200384508344,21
5200384508290,5
5200384508337,14
5200384508283,13
5200384508313,19
5200384505763,17
5200384506500,31
5208006360141,80
AR6054-02,4
AR6054-03,10
AR6054-04,2
AR6054-05,3
AR6054-06,4
AR6055-01,1
AR6055-04,1
AR6055-06,2
AR6055-07,5
AR6056-01,1
AR6056-03,2
AR6056-04,1
AR6056-06,2
AR6056-07,1
AR6056-08,3
AR6056-10,1
AR6057-01,3
AR6057-02,4
AR6057-03,4
AR6057-04,2
AR6057-05,1
AR6057-06,1
AR6057-07,1
AR6057-08,1
AR6057-09,1
AR6057-10,1
AR6057-11,1
5710409111485,52
5710409111430,13
5055166363839,48
5055166363846,61
5055166363020,28
5055166363044,27
5055166363051,34
5055166363068,145
5055166363075,52
5055166362511,20
5055166362528,23
5055166362535,18
5055166362542,14
5055166363525,34
5055166363167,31
5055166363167,31
5055166363167,25
5055166363280,28
5055166363280,16
5055166363280,18
5055166363280,30
5055166363303,16
5055166363303,17
5055166363303,16
5055166363303,16
5055166363303,16
5055166363303,13
5055166363532,19
5055166363372,31
5055166363396,88
5055166363402,36
5055166362702,20
5055166362719,30
5055166362733,36
5055166362771,29
5055166362788,32
5055166362795,28
5055166362825,22
5055166362832,25
5055166362856,30
5055166362894,24
5055166362900,25
5055166362917,27
5055166363426,35
5055166363099,18
5055166363426,48
5055166363426,27
5055166363426,52
5055166363105,23
5055166362986,30
5055166362986,36
5055166362986,23
5055166363129,10
5055166363129,5
5055166363129,9
5055166363471,84
5055166363204,44
5055166363204,50
5055166363204,44
5055166361897,14
3550833500576,57
3550833500552,15
3550833301555,28
3550833301500,36
3550833301548,16
3550833301388,39
3550833400913,12
3550833400920,14
3550833400937,9
3550833301517,13
3550833301494,17
3550833400951,11
3550833901137,5
3550833100264,2
3550833200223,1
3550833301531,27
3550833301579,98
3550833900475,7
5208006020052,6
5208006030051,10
5208006030068,69
5208006030112,69
5208006131307,94
5208006131314,234
5208006131307,94
5208006131307,96
5208006140705,21
5208006140712,26
5208006140736,65
5208006140828,20
5208006140828,23
5208006140828,23
5208006230505,37
5208006231724,28
5208006233506,35
5208006360035,22
5208006360134,20
5208006230512,46
5208006230529,35
5208006230536,65
5208006230710,13
5208006230727,17
5208006230734,2
5707167191057,42
5707167159477,90
5707167855454,87
5712854796446,64
5707167891674,110
5712854205511,31
5060639148783,380
5060639140978,66
5060639148134,11
5060639148653,12
5060639148677,17
5060639148318,24
5060639148721,10
5060639148776,12
5060639148349,34
5710409112277,25
5710409112284,26
5710409112291,26
5710409112307,33
5710409113168,30
5710409112314,19
5710409113540,16
5710409202282,99
5710409202299,29
5710409202305,24
5710409202312,27
5710409202336,10
5710409113120,9
3512610531104,55
3512610535003,58
5200384518947,6
8427614245771,7
8427614245788,4
8427614509781,23
8427614509798,17
8427614982119,4
8427614981914,3
8427614609757,8
8427614609764,5
8427614654139,6
8427614654146,6
8427614609825,5
8427614609832,4
8427614609849,3
8427614609856,4
AR6054-07,4
AR6054-09,1
AR6054-10,2
AR6054-11,1
AR6054-12,2
AR6054-08,4
AR6055-09,4
AR6055-10,4
AR6055-11,4
AR6055-12,4
AR6055-13,4
AR6055-14,4
AR6056-11,1
AR6056-12,3
AR6056-13,4
AR6056-14,1
AR6056-16,4
AR6056-17,2
AR6037-01,1
AR6037-02,1
AR6037-05,1
5208006233520,165
5060272133597,114
5060272133689,113
5710409201292,46
5710409201285,46
5710409111751,24
5710409111768,39
5710409111775,38
5710409111782,14
5710409111799,20
5710409111805,19
5055166363600,41
5055166362627,53
5055166362580,50
5055166363556,44
5055166363563,41
5055166363587,41
5055166362658,27
5055166362665,17
5055166363389,63
5055166362597,70
3550833900406,3
3550833900437,5
3550839922235,14
3550833301265,7
3550833301302,10
5208006030495,24
5208006233513,24
5208006360233,24
5060204037924,112
5060204037917,111
5710409113557,2
5710409113502,4
5710409113724,56
5710409113687,109
5710409113694,52
5710409113731,52
5710409113700,55
5710409113717,52
5712854891318,227
5712854891677,215
5712854892391,161
5712854892421,157
5055166364683,139
5055166364690,91
5055166364706,48
5055166364744,48
5055166363990,48
5055166364003,48
5055166364010,44
5055166364225,48
5055166364232,48
5055166364256,48
5055166364140,92
5055166364072,12
5055166364072,12
5055166364713,144
5055166364393,48
5055166364102,44
5055166364416,48
5055166364423,48
5055166364515,24
5055166364522,22
5055166364041,21
5055166364041,21
5055166364041,21
5055166364065,12
5055166364065,12
5055166364065,12
5055166364065,12
5055166364065,12
5055166364065,12
5055166361781,24
5055166359962,24
5055166362443,24
5055166361354,24
5055166361460,24
5055166361453,24
5200384515915,0
5200384515908,0
5707167199985,0
5710409103428,0
5707167200131,0
5710409103039,0
5710409103046,0
5060272131784,0
5060272131722,0
5710409103367,0
5060272130688,0
5710409103121,0
5710409103138,0
5710409102001,0
5710409102834,0
5710409103527,0
5710409200172,0
5200384517278,0
5200384517360,0
5200384517353,0
5200384517346,0
5200384517254,0
5200384516066,0
4041077000803,0
4041077002487,0
2780015670297,0
4260350560180,0
4260350560210,0
278001580023,0
5060639145867,0
4011768706130,0
3760039940001,0
3760039940759,0
3760039940889,0
3760039940032,0
3760039941015,0
5710409103718,0
4019359828056,0
4019359840751,0
4019359841673,0
4019359880733,0
4019359841741,0
4019359841758,0
4019359820678,0
4019359860414,0
4019359881174,0
4019359880160,0
4019359880238,0
4019359880450,0
4019359880931,0
4019359881143,0
4019359836990,0
4019359840829,0
4019359840805,0
4019359865556,0
4019359880979,0
4019359880962,0
4019359833883,0
4019359865648,0
4019359836518,0
4019359828124,0
4019359828117,0
4019359841703,0
4019359821880,0
4019359810372,0
4019359837249,0
4019359827264,0
4019359842052,0
4019359865532,0
4019359881198,0
4779030060198,0
4779030060174,0
4019359330269,0
5710409200745,0
5200384518060,0
8427614060572,0
5710409104807,0
5200384518077,0
5710409103640,0
5710409104869,0
5710409104371,0
5710409200707,0
5060639142408,0
6970089159514,0
6970089159538,0
6970089159392,0
8427614060541,0
8427614060558,0
8427614060565,0
8435418802212,0
817742024313,0
817742024061,0
5055166353137,0
5055166351973,0
5055166343534,0
5055166352161,0
8427614602963,0
5060272132699,0
5060272132996,0
5200384500775,0
5200384500782,0
4041077005235,0
8427614060787,0
5710409201063,0
5710409105637,0
5710409201032,0
5710409201049,0
5710409201056,0
5055166355995,0
5055166346160,0
5055166356848,0
5055166352086,0
4260243451588,0
8427614602727,0
8427614060374,0
6938242957131,0
5060204030406,0
5425020500241,0
5425020500067,0
5425020500128,0
5425020500135,0
5425020500296,0
5425020500081,0
5425020500098,0
5425020500104,0
5425020500197,0
5425020500371,0
5425020500425,0
5425020500432,0
5425020500494,0
8427614506186,0
5060639144778,0
5060639144815,0
5060639145744,0
4019359820579,0
4019359815711,0
5055166357364,0
5055166357395,0
5055166357388,0
5060204030123,0
4260243451892,0
5055166349987,0
5425020500630,0
5425020500623,0
5425020500616,0
5055166356503,0
5055166356138,0
5055166356602,0
5055166355520,0
5055166352369,0
5055166357821,0
5055166357777,0
5055166357760,0
3512610600008,0
5200384502847,0
5200384530581,0
5200384501505,0
5200384501536,0
5200384530567,0
5200384530550,0
3512610041009,0
3760077550071,0
3512610244004,0
3512610133025,0
5710409106900,0
5060639145508,0
5060639145492,0
5060639145713,0
5060639145515,0
5060639145539,0
5060639145720,0
5060639145638,0
5060639145607,0
5060639145584,0
5060639145614,0
5060639145546,0
5060639145553,0
5060639145577,0
5060639145560,0
5060639145157,0
5060204032851,0
5200384502175,0
5200384502199,0
4041077011274,0
8427614060909,0
5710409201278,0
5200384501383,0
4019359864511,0
5710409107594,0
4019359880870,0
753068880304,0
3550839922228,0
3550839922242,0
3550839927773,0
3550839928732,0
3550839934504,0
3550839934559,0
3550833300428,0
3550833300541,0
3550833300558,0
3550833301128,0
3550833301258,0
3550833400739,0
3550833901076,0
3550839427952,0
3550833300855,0
5060639146390,0
5060639146420,0
5060639144495,0
5060639146376,0
5060639146406,0
5060639146352,0
3550833900062,0
5055166358767,0
8427614245757,0
8427614507299,0
8427614507305,0
4820148900514,0
4779030060549,0
4779030060617,0
5710409105408,0
5710409108065,0
5060204033339,0
5060204033254,0
5060204033230,0
5060204030758,0
5060204030772,0
8427614408237,0
3512610513001,0
5060639146666,0
5060639147021,0
5060639146642,0
5060639146581,0
5060639146697,0
3760039941510,0
5055166360296,0
5055166358835,0
5055166358811,0
5055166360166,0
5055166360197,0
5055166360180,0
5055166360173,0
3550833301036,0
5710409201834,0
8427614653668,0
8427614608354,0
8427614981211,0
8427614653651,0
8427614607548,0
5707167697771,0
5710409102575,0
5710409103060,0
5710409103350,0
5060272130268,0
5060272130145,0
5710409103145,0
5710409103152,0
5710409102919,0
5710409102896,0
5200384507170,0
4260350561002,0
4019359160132,0
4779030060334,0
5710409104821,0
5710409104845,0
4041077003347,0
4041077002227,0
718856156894,0
817742021176,0
5055166347921,0
5055166343510,0
5055166355582,0
5055166355575,0
5055166355599,0
5055166353090,0
5710409104975,0
5200384500768,0
5710409105385,0
6938242956004,0
5060204030529,0
5060272133139,0
5060204030116,0
5055166357616,0
5055166357661,0
4820148900408,0
3512610660002,0
3512610010005,0
5060204030178,0
4779030060389,0
5710409101219,0
3550839227958,0
3550833300732,0
5200384504148,0
8427614408213,0
8427614408503,0
8427614408527,0
191856074144,0
191856077015,0
191856079712,0
5060204030703,0
0000000002222,0
4820148900736,0
4820148900729,0
5055166360760,0
5055166360654,0
5055166360661,0
5055166360609,0
5200384504056,0
8699296256622,0
5710409108812,0
5710409202053,0
5055166360029,0
3550833301463,0
3550833400876,0
5710409110518,0
5710409111058,0
5425020500814,0
5425020500777,0
5425020500807,0
5055166360050,0
5200384504254,0
5060639148165,0
5060639148301,0
5060639148288,0
6938242958251,0
6938242958312,0
6938242960988,0
6938242962210,0
6938242962999,0
5208006230901,0
5208006230918,0
5208006230925,0
8427614508661,0
8427614508890,0
8427614608132,0
8427614608279,0
8427614608996,0
8427614981839,0
8427614981952,0
8427614215835,0
8427614215842,0
8427614215866,0
8427614409234,0
5060639147939,0
5060639148509,0
5060639147908,0
5200384505862,0
5200384505787,0
AR6054-01,0
AR6055-03,0
AR6055-02,0
AR6055-05,0
AR6055-08,0
AR6056-02,0
AR6056-05,0
AR6056-09,0
AR6078-01,0
AR6078-02,0
5055166361927,0
3550833500569,0
8427614982041,0
AR6056-15,0
AR6037-03,0
AR6037-04,0
5710409112246,0
5710409202251,0
5055166364737,0
5055166364126,0
5055166364409,0
5055166364720,0
